symbol,entry_time,exit_time,entry_price,exit_price,quantity,pattern,pnl,pnl_pct,exit_reason
HINDUNILVR-EQ,2025-12-12 09:15:00+05:30,2025-12-12 09:15:00+05:30,2300.9,2300.9,100,Rising Wedge,-460.179999999993,-0.19980019980019675,stop_loss
BHARTIARTL-EQ,2025-12-12 09:15:00+05:30,2025-12-12 09:15:00+05:30,2063.9,2063.9,100,Symmetrical Triangle,-412.78000000002794,-0.19980019980021332,target
KOTAKBANK-EQ,2025-12-12 09:15:00+05:30,2025-12-12 09:15:00+05:30,2183.9,2183.9,100,Symmetrical Triangle,-436.78000000002794,-0.19980019980021255,stop_loss
AXISBANK-EQ,2025-12-12 09:15:00+05:30,2025-12-12 09:15:00+05:30,1286.6,1286.6,100,Falling Wedge,-257.320000000007,-0.19980019980020522,target
BAJFINANCE-EQ,2025-12-12 09:15:00+05:30,2025-12-12 09:15:00+05:30,1017.5,1017.5,100,Falling Wedge,-203.5,-0.1998001998001998,target
HCLTECH-EQ,2025-12-12 09:15:00+05:30,2025-12-12 09:15:00+05:30,1671.0,1671.0,100,Symmetrical Triangle,-334.20000000001164,-0.19980019980020675,target
WIPRO-EQ,2025-12-12 09:15:00+05:30,2025-12-12 09:15:00+05:30,257.99,257.99,100,Symmetrical Triangle,-51.59799999999814,-0.1998001998001926,stop_loss
SUNPHARMA-EQ,2025-12-12 09:15:00+05:30,2025-12-12 09:15:00+05:30,1804.7,1804.7,100,Rising Wedge,-360.9400000000023,-0.1998001998002011,stop_loss
COALINDIA-EQ,2025-12-12 09:15:00+05:30,2025-12-12 09:15:00+05:30,384.75,384.75,100,Rising Wedge,-76.94999999999709,-0.19980019980019226,stop_loss
BAJAJFINSV-EQ,2025-12-12 09:15:00+05:30,2025-12-12 09:15:00+05:30,2076.7,2076.7,100,Symmetrical Triangle,-415.3400000000256,-0.19980019980021213,target
HINDALCO-EQ,2025-12-12 09:15:00+05:30,2025-12-12 09:15:00+05:30,840.4,840.4,100,Symmetrical Triangle,-168.0799999999872,-0.19980019980018457,target
DRREDDY-EQ,2025-12-12 09:15:00+05:30,2025-12-12 09:15:00+05:30,1272.1,1272.1,100,Rising Wedge,-254.4200000000128,-0.19980019980020985,stop_loss
TATACONSUM-EQ,2025-12-12 09:15:00+05:30,2025-12-12 09:15:00+05:30,1144.3,1144.3,100,Rising Wedge,-228.85999999998603,-0.19980019980018762,stop_loss
HDFCLIFE-EQ,2025-12-12 09:15:00+05:30,2025-12-12 09:15:00+05:30,775.2,775.2,100,Ascending Triangle,-155.04000000000815,-0.1998001998002103,target
INFY-EQ,2025-12-12 09:15:00+05:30,2025-12-12 09:30:00+05:30,1595.4,1589.8,100,Symmetrical Triangle,-878.5200000000186,-0.5501080341245934,stop_loss
HINDUNILVR-EQ,2025-12-12 09:30:00+05:30,2025-12-12 09:30:00+05:30,2301.2,2301.2,100,Rising Wedge,-460.2399999999907,-0.19980019980019575,stop_loss
BHARTIARTL-EQ,2025-12-12 09:30:00+05:30,2025-12-12 09:30:00+05:30,2063.3,2063.3,100,Symmetrical Triangle,-412.6599999999744,-0.1998001998001874,target
AXISBANK-EQ,2025-12-12 09:30:00+05:30,2025-12-12 09:30:00+05:30,1287.4,1287.4,100,Falling Wedge,-257.4800000000105,-0.1998001998002079,target
BAJFINANCE-EQ,2025-12-12 09:30:00+05:30,2025-12-12 09:30:00+05:30,1016.6,1016.6,100,Falling Wedge,-203.32000000000698,-0.19980019980020666,target
WIPRO-EQ,2025-12-12 09:30:00+05:30,2025-12-12 09:30:00+05:30,258.2,258.2,100,Symmetrical Triangle,-51.63999999999942,-0.19980019980019753,stop_loss
SUNPHARMA-EQ,2025-12-12 09:30:00+05:30,2025-12-12 09:30:00+05:30,1805.8,1805.8,100,Rising Wedge,-361.1599999999744,-0.19980019980018565,stop_loss
TATAMOTORS-EQ,2025-12-12 09:30:00+05:30,2025-12-12 09:30:00+05:30,346.25,346.25,100,Rising Wedge,-69.25,-0.1998001998001998,stop_loss
COALINDIA-EQ,2025-12-12 09:30:00+05:30,2025-12-12 09:30:00+05:30,385.15,385.15,100,Rising Wedge,-77.02999999999884,-0.19980019980019675,stop_loss
BAJAJFINSV-EQ,2025-12-12 09:30:00+05:30,2025-12-12 09:30:00+05:30,2078.0,2078.0,100,Symmetrical Triangle,-415.5999999999767,-0.19980019980018862,target
HINDALCO-EQ,2025-12-12 09:30:00+05:30,2025-12-12 09:30:00+05:30,841.45,841.45,100,Falling Wedge,-168.29000000000815,-0.19980019980020947,target
LTIM-EQ,2025-12-12 09:30:00+05:30,2025-12-12 09:30:00+05:30,6266.5,6266.5,19,Rising Wedge,-238.12700000000768,-0.19980019980020627,stop_loss
HDFCLIFE-EQ,2025-12-12 09:30:00+05:30,2025-12-12 09:30:00+05:30,778.0,778.0,100,Ascending Triangle,-155.60000000000582,-0.19980019980020725,target
ITC-EQ,2025-12-12 09:45:00+05:30,2025-12-12 09:45:00+05:30,402.6,402.6,100,Rising Wedge,-80.52000000000407,-0.1998001998002099,stop_loss
WIPRO-EQ,2025-12-12 09:45:00+05:30,2025-12-12 09:45:00+05:30,257.8,257.8,100,Symmetrical Triangle,-51.55999999999767,-0.1998001998001908,stop_loss
ONGC-EQ,2025-12-12 09:45:00+05:30,2025-12-12 09:45:00+05:30,237.65,237.65,100,Double Top,-47.529999999998836,-0.1998001998001949,stop_loss
TATAMOTORS-EQ,2025-12-12 09:45:00+05:30,2025-12-12 09:45:00+05:30,346.4,346.4,100,Rising Wedge,-69.27999999999884,-0.19980019980019645,stop_loss
COALINDIA-EQ,2025-12-12 09:45:00+05:30,2025-12-12 09:45:00+05:30,385.3,385.3,100,Rising Wedge,-77.05999999999767,-0.19980019980019378,stop_loss
HEROMOTOCO-EQ,2025-12-12 09:45:00+05:30,2025-12-12 09:45:00+05:30,6033.0,6033.0,20,Symmetrical Triangle,-241.32000000000698,-0.19980019980020558,target
APOLLOHOSP-EQ,2025-12-12 09:45:00+05:30,2025-12-12 09:45:00+05:30,7053.0,7053.0,15,Falling Wedge,-211.5899999999965,-0.1998001998001965,target
UPL-EQ,2025-12-12 09:45:00+05:30,2025-12-12 09:45:00+05:30,748.0,748.0,100,Rising Wedge,-149.60000000000582,-0.19980019980020755,stop_loss
LTIM-EQ,2025-12-12 09:45:00+05:30,2025-12-12 09:45:00+05:30,6258.0,6258.0,18,Rising Wedge,-225.28800000000047,-0.19980019980020022,stop_loss
HDFCLIFE-EQ,2025-12-12 09:45:00+05:30,2025-12-12 09:45:00+05:30,776.55,776.55,100,Ascending Triangle,-155.30999999999767,-0.1998001998001968,target
HINDUNILVR-EQ,2025-12-12 10:00:00+05:30,2025-12-12 10:00:00+05:30,2265.6,2265.6,25,Rising Wedge,-113.27999999999884,-0.19980019980019775,stop_loss
ITC-EQ,2025-12-12 10:00:00+05:30,2025-12-12 10:00:00+05:30,401.75,401.75,100,Rising Wedge,-80.35000000000582,-0.19980019980021424,stop_loss
ASIANPAINT-EQ,2025-12-12 09:15:00+05:30,2025-12-12 10:00:00+05:30,2789.6,2772.6,100,Falling Wedge,-2256.2200000000303,-0.8079889711664984,stop_loss
HCLTECH-EQ,2025-12-12 10:00:00+05:30,2025-12-12 10:00:00+05:30,1662.5,1662.5,100,Rising Wedge,-332.5,-0.1998001998001998,stop_loss
WIPRO-EQ,2025-12-12 10:00:00+05:30,2025-12-12 10:00:00+05:30,258.16,258.16,100,Symmetrical Triangle,-51.63199999999779,-0.1998001998001912,stop_loss
TITAN-EQ,2025-12-12 10:00:00+05:30,2025-12-12 10:00:00+05:30,3863.0,3863.0,100,Rising Wedge,-772.5999999999767,-0.19980019980019378,stop_loss
SUNPHARMA-EQ,2025-12-12 10:00:00+05:30,2025-12-12 10:00:00+05:30,1801.0,1801.0,100,Rising Wedge,-360.20000000001164,-0.19980019980020627,stop_loss
ONGC-EQ,2025-12-12 10:00:00+05:30,2025-12-12 10:00:00+05:30,237.56,237.56,100,Double Top,-47.512000000002445,-0.19980019980021008,stop_loss
TATAMOTORS-EQ,2025-12-12 10:00:00+05:30,2025-12-12 10:00:00+05:30,346.1,346.1,100,Rising Wedge,-69.22000000000116,-0.19980019980020314,stop_loss
COALINDIA-EQ,2025-12-12 10:00:00+05:30,2025-12-12 10:00:00+05:30,385.15,385.15,100,Rising Wedge,-77.02999999999884,-0.19980019980019675,stop_loss
DRREDDY-EQ,2025-12-12 10:00:00+05:30,2025-12-12 10:00:00+05:30,1271.4,1271.4,100,Rising Wedge,-254.27999999999884,-0.19980019980019884,stop_loss
TECHM-EQ,2025-12-12 10:00:00+05:30,2025-12-12 10:00:00+05:30,1564.8,1564.8,100,Rising Wedge,-312.96000000002095,-0.19980019980021316,stop_loss
TATACONSUM-EQ,2025-12-12 10:00:00+05:30,2025-12-12 10:00:00+05:30,1142.5,1142.5,100,Rising Wedge,-228.5,-0.1998001998001998,stop_loss
APOLLOHOSP-EQ,2025-12-12 10:00:00+05:30,2025-12-12 10:00:00+05:30,7050.0,7050.0,50,Falling Wedge,-705.0,-0.1998001998001998,target
RELIANCE-EQ,2025-12-12 10:15:00+05:30,2025-12-12 10:15:00+05:30,1549.3,1549.3,100,Rising Wedge,-309.85999999998603,-0.19980019980019081,stop_loss
HDFCBANK-EQ,2025-12-12 10:15:00+05:30,2025-12-12 10:15:00+05:30,999.7,999.7,100,Rising Wedge,-199.94000000000233,-0.19980019980020214,stop_loss
HINDUNILVR-EQ,2025-12-12 10:15:00+05:30,2025-12-12 10:15:00+05:30,2253.4,2253.4,65,Rising Wedge,-292.9419999999809,-0.1998001998001868,stop_loss
HCLTECH-EQ,2025-12-12 10:15:00+05:30,2025-12-12 10:15:00+05:30,1663.9,1663.9,100,Rising Wedge,-332.78000000002794,-0.19980019980021654,stop_loss
SUNPHARMA-EQ,2025-12-12 10:15:00+05:30,2025-12-12 10:15:00+05:30,1799.1,1799.1,100,Rising Wedge,-359.820000000007,-0.19980019980020366,stop_loss
ONGC-EQ,2025-12-12 10:15:00+05:30,2025-12-12 10:15:00+05:30,237.48,237.48,100,Double Top,-47.495999999999185,-0.19980019980019637,stop_loss
TATAMOTORS-EQ,2025-12-12 10:15:00+05:30,2025-12-12 10:15:00+05:30,346.35,346.35,100,Rising Wedge,-69.27000000000407,-0.19980019980021155,stop_loss
COALINDIA-EQ,2025-12-12 10:15:00+05:30,2025-12-12 10:15:00+05:30,384.65,384.65,100,Rising Wedge,-76.92999999999302,-0.19980019980018168,stop_loss
DRREDDY-EQ,2025-12-12 10:15:00+05:30,2025-12-12 10:15:00+05:30,1270.0,1270.0,100,Rising Wedge,-254.0,-0.1998001998001998,stop_loss
CIPLA-EQ,2025-12-12 10:15:00+05:30,2025-12-12 10:15:00+05:30,1512.1,1512.1,100,Rising Wedge,-302.4199999999837,-0.19980019980018904,stop_loss
DIVISLAB-EQ,2025-12-12 10:15:00+05:30,2025-12-12 10:15:00+05:30,6448.5,6448.5,41,Rising Wedge,-528.7770000000019,-0.1998001998002005,stop_loss
TATACONSUM-EQ,2025-12-12 10:15:00+05:30,2025-12-12 10:15:00+05:30,1141.5,1141.5,100,Symmetrical Triangle,-228.29999999998836,-0.19980019980018962,stop_loss
APOLLOHOSP-EQ,2025-12-12 10:15:00+05:30,2025-12-12 10:15:00+05:30,7054.0,7054.0,34,Falling Wedge,-479.6720000000205,-0.19980019980020836,target
UPL-EQ,2025-12-12 10:15:00+05:30,2025-12-12 10:15:00+05:30,748.65,748.65,100,Rising Wedge,-149.73000000001048,-0.19980019980021377,stop_loss
RELIANCE-EQ,2025-12-12 10:30:00+05:30,2025-12-12 10:30:00+05:30,1548.0,1548.0,100,Rising Wedge,-309.5999999999767,-0.1998001998001848,stop_loss
HDFCBANK-EQ,2025-12-12 10:30:00+05:30,2025-12-12 10:30:00+05:30,999.1,999.1,100,Rising Wedge,-199.82000000000698,-0.19980019980020677,stop_loss
HINDUNILVR-EQ,2025-12-12 10:30:00+05:30,2025-12-12 10:30:00+05:30,2265.0,2265.0,59,Rising Wedge,-267.2700000000186,-0.1998001998002137,stop_loss
BAJFINANCE-EQ,2025-12-12 10:15:00+05:30,2025-12-12 10:30:00+05:30,1016.5,1018.4,100,Symmetrical Triangle,-13.489999999990687,-0.01325777026710691,target
HCLTECH-EQ,2025-12-12 10:30:00+05:30,2025-12-12 10:30:00+05:30,1664.1,1664.1,100,Rising Wedge,-332.820000000007,-0.199800199800204,stop_loss
SUNPHARMA-EQ,2025-12-12 10:30:00+05:30,2025-12-12 10:30:00+05:30,1798.7,1798.7,100,Rising Wedge,-359.7399999999907,-0.19980019980019464,stop_loss
ONGC-EQ,2025-12-12 10:30:00+05:30,2025-12-12 10:30:00+05:30,237.21,237.21,100,Double Top,-47.442000000002736,-0.1998001998002113,stop_loss
POWERGRID-EQ,2025-12-12 09:15:00+05:30,2025-12-12 10:30:00+05:30,266.0,264.6,100,Symmetrical Triangle,-193.05999999999403,-0.7250644092749132,stop_loss
DRREDDY-EQ,2025-12-12 10:30:00+05:30,2025-12-12 10:30:00+05:30,1270.2,1270.2,100,Rising Wedge,-254.04000000000815,-0.19980019980020622,stop_loss
APOLLOHOSP-EQ,2025-12-12 10:30:00+05:30,2025-12-12 10:30:00+05:30,7064.0,7064.0,43,Falling Wedge,-607.5039999999572,-0.1998001998001857,target
UPL-EQ,2025-12-12 10:30:00+05:30,2025-12-12 10:30:00+05:30,748.65,748.65,100,Rising Wedge,-149.73000000001048,-0.19980019980021377,stop_loss
BAJFINANCE-EQ,2025-12-12 10:45:00+05:30,2025-12-12 10:45:00+05:30,1018.5,1018.5,100,Symmetrical Triangle,-203.70000000001164,-0.19980019980021121,target
SUNPHARMA-EQ,2025-12-12 10:45:00+05:30,2025-12-12 10:45:00+05:30,1794.7,1794.7,100,Rising Wedge,-358.9400000000023,-0.1998001998002011,stop_loss
ONGC-EQ,2025-12-12 10:45:00+05:30,2025-12-12 10:45:00+05:30,237.12,237.12,100,Double Top,-47.42399999999907,-0.1998001998001959,stop_loss
TATAMOTORS-EQ,2025-12-12 10:45:00+05:30,2025-12-12 10:45:00+05:30,345.5,345.5,100,Rising Wedge,-69.10000000000582,-0.19980019980021663,stop_loss
CIPLA-EQ,2025-12-12 10:45:00+05:30,2025-12-12 10:45:00+05:30,1516.1,1516.1,100,Rising Wedge,-303.21999999997206,-0.1998001998001814,stop_loss
APOLLOHOSP-EQ,2025-12-12 10:45:00+05:30,2025-12-12 10:45:00+05:30,7067.0,7067.0,41,Falling Wedge,-579.4939999999478,-0.19980019980018185,target
UPL-EQ,2025-12-12 10:45:00+05:30,2025-12-12 10:45:00+05:30,746.2,746.2,100,Rising Wedge,-149.2399999999907,-0.19980019980018734,stop_loss
INFY-EQ,2025-12-12 11:00:00+05:30,2025-12-12 11:00:00+05:30,1589.1,1589.1,100,Rising Wedge,-317.820000000007,-0.1998001998002042,stop_loss
BAJFINANCE-EQ,2025-12-12 11:00:00+05:30,2025-12-12 11:00:00+05:30,1018.4,1018.4,100,Symmetrical Triangle,-203.67999999999302,-0.19980019980019295,target
ONGC-EQ,2025-12-12 11:00:00+05:30,2025-12-12 11:00:00+05:30,237.18,237.18,100,Double Top,-47.43600000000151,-0.19980019980020616,stop_loss
TATAMOTORS-EQ,2025-12-12 11:00:00+05:30,2025-12-12 11:00:00+05:30,345.7,345.7,100,Rising Wedge,-69.13999999999942,-0.1998001998001981,stop_loss
DRREDDY-EQ,2025-12-12 11:00:00+05:30,2025-12-12 11:00:00+05:30,1270.7,1270.7,100,Rising Wedge,-254.14000000001397,-0.19980019980021077,stop_loss
BPCL-EQ,2025-12-12 09:15:00+05:30,2025-12-12 11:00:00+05:30,356.2,358.7,100,Double Bottom,178.50999999999476,0.500650388353911,target
APOLLOHOSP-EQ,2025-12-12 11:00:00+05:30,2025-12-12 11:00:00+05:30,7080.5,7080.5,34,Falling Wedge,-481.4739999999874,-0.1998001998001946,target
UPL-EQ,2025-12-12 11:00:00+05:30,2025-12-12 11:00:00+05:30,744.9,744.9,100,Rising Wedge,-148.98000000001048,-0.19980019980021385,stop_loss
TCS-EQ,2025-12-12 09:15:00+05:30,2025-12-12 11:15:00+05:30,3196.6,3203.2,100,Symmetrical Triangle,20.020000000018626,0.0062566476881745015,target
KOTAKBANK-EQ,2025-12-12 11:15:00+05:30,2025-12-12 11:15:00+05:30,2184.0,2184.0,100,Symmetrical Triangle,-436.79999999998836,-0.19980019980019448,stop_loss
ONGC-EQ,2025-12-12 11:15:00+05:30,2025-12-12 11:15:00+05:30,237.21,237.21,100,Double Top,-47.442000000002736,-0.1998001998002113,stop_loss
M&M-EQ,2025-12-12 11:15:00+05:30,2025-12-12 11:15:00+05:30,3685.0,3685.0,100,Rising Wedge,-737.0,-0.1998001998001998,stop_loss
TATAMOTORS-EQ,2025-12-12 11:15:00+05:30,2025-12-12 11:15:00+05:30,345.5,345.5,100,Rising Wedge,-69.10000000000582,-0.19980019980021663,stop_loss
BPCL-EQ,2025-12-12 11:15:00+05:30,2025-12-12 11:15:00+05:30,359.4,359.4,100,Double Bottom,-71.88000000000466,-0.1998001998002127,target
APOLLOHOSP-EQ,2025-12-12 11:15:00+05:30,2025-12-12 11:15:00+05:30,7068.0,7068.0,63,Falling Wedge,-890.5679999999702,-0.19980019980019312,target
UPL-EQ,2025-12-12 11:15:00+05:30,2025-12-12 11:15:00+05:30,743.2,743.2,100,Rising Wedge,-148.64000000001397,-0.19980019980021857,stop_loss
INFY-EQ,2025-12-12 11:30:00+05:30,2025-12-12 11:30:00+05:30,1589.2,1589.2,100,Symmetrical Triangle,-317.8400000000256,-0.19980019980021588,stop_loss
KOTAKBANK-EQ,2025-12-12 11:30:00+05:30,2025-12-12 11:30:00+05:30,2183.0,2183.0,100,Symmetrical Triangle,-436.5999999999767,-0.19980019980018918,stop_loss
ONGC-EQ,2025-12-12 11:30:00+05:30,2025-12-12 11:30:00+05:30,237.3,237.3,100,Double Top,-47.45999999999913,-0.19980019980019612,stop_loss
M&M-EQ,2025-12-12 11:30:00+05:30,2025-12-12 11:30:00+05:30,3684.9,3684.9,100,Rising Wedge,-736.9799999999814,-0.19980019980019476,stop_loss
TATAMOTORS-EQ,2025-12-12 11:30:00+05:30,2025-12-12 11:30:00+05:30,345.45,345.45,100,Rising Wedge,-69.08999999999651,-0.1998001998001897,stop_loss
TATASTEEL-EQ,2025-12-12 11:30:00+05:30,2025-12-12 11:30:00+05:30,170.58,170.58,100,Rising Wedge,-34.116000000001804,-0.19980019980021033,stop_loss
BPCL-EQ,2025-12-12 11:30:00+05:30,2025-12-12 11:30:00+05:30,359.2,359.2,100,Double Bottom,-71.83999999999651,-0.1998001998001901,target
UPL-EQ,2025-12-12 11:30:00+05:30,2025-12-12 11:30:00+05:30,742.85,742.85,100,Rising Wedge,-148.57000000000698,-0.19980019980020916,stop_loss
INFY-EQ,2025-12-12 11:45:00+05:30,2025-12-12 11:45:00+05:30,1591.0,1591.0,100,Symmetrical Triangle,-318.20000000001164,-0.19980019980020708,stop_loss
KOTAKBANK-EQ,2025-12-12 11:45:00+05:30,2025-12-12 11:45:00+05:30,2182.2,2182.2,100,Symmetrical Triangle,-436.4400000000023,-0.1998001998002009,stop_loss
ONGC-EQ,2025-12-12 11:45:00+05:30,2025-12-12 11:45:00+05:30,237.34,237.34,100,Double Top,-47.46800000000076,-0.19980019980020297,stop_loss
M&M-EQ,2025-12-12 11:45:00+05:30,2025-12-12 11:45:00+05:30,3681.1,3681.1,100,Rising Wedge,-736.2199999999721,-0.1998001998001922,stop_loss
TATASTEEL-EQ,2025-12-12 11:45:00+05:30,2025-12-12 11:45:00+05:30,170.72,170.72,100,Rising Wedge,-34.14400000000023,-0.19980019980020114,stop_loss
BPCL-EQ,2025-12-12 11:45:00+05:30,2025-12-12 11:45:00+05:30,359.1,359.1,100,Double Bottom,-71.82000000000698,-0.19980019980021924,target
UPL-EQ,2025-12-12 11:45:00+05:30,2025-12-12 11:45:00+05:30,743.6,743.6,100,Rising Wedge,-148.72000000000116,-0.19980019980020136,stop_loss
LT-EQ,2025-12-12 12:00:00+05:30,2025-12-12 12:00:00+05:30,4069.4,4069.4,41,Rising Wedge,-333.6907999999821,-0.19980019980018912,stop_loss
BAJFINANCE-EQ,2025-12-12 12:00:00+05:30,2025-12-12 12:00:00+05:30,1016.0,1016.0,100,Rising Wedge,-203.20000000001164,-0.19980019980021124,stop_loss
ONGC-EQ,2025-12-12 12:00:00+05:30,2025-12-12 12:00:00+05:30,237.38,237.38,100,Double Top,-47.47600000000239,-0.19980019980020983,stop_loss
TATAMOTORS-EQ,2025-12-12 12:00:00+05:30,2025-12-12 12:00:00+05:30,345.5,345.5,100,Rising Wedge,-69.10000000000582,-0.19980019980021663,stop_loss
TATASTEEL-EQ,2025-12-12 12:00:00+05:30,2025-12-12 12:00:00+05:30,170.54,170.54,100,Rising Wedge,-34.108000000000175,-0.19980019980020083,stop_loss
UPL-EQ,2025-12-12 12:00:00+05:30,2025-12-12 12:00:00+05:30,741.8,741.8,100,Rising Wedge,-148.35999999998603,-0.19980019980018102,stop_loss
LT-EQ,2025-12-12 12:15:00+05:30,2025-12-12 12:15:00+05:30,4073.2,4073.2,41,Rising Wedge,-334.0023999999976,-0.19980019980019836,stop_loss
BAJFINANCE-EQ,2025-12-12 12:15:00+05:30,2025-12-12 12:15:00+05:30,1015.8,1015.8,100,Rising Wedge,-203.1600000000035,-0.19980019980020322,stop_loss
TATAMOTORS-EQ,2025-12-12 12:15:00+05:30,2025-12-12 12:15:00+05:30,345.5,345.5,100,Symmetrical Triangle,-69.10000000000582,-0.19980019980021663,stop_loss
JSWSTEEL-EQ,2025-12-12 12:15:00+05:30,2025-12-12 12:15:00+05:30,1124.0,1124.0,100,Rising Wedge,-224.79999999998836,-0.19980019980018948,stop_loss
UPL-EQ,2025-12-12 12:15:00+05:30,2025-12-12 12:15:00+05:30,742.4,742.4,100,Rising Wedge,-148.48000000001048,-0.1998001998002139,stop_loss
BRITANNIA-EQ,2025-12-12 11:45:00+05:30,2025-12-12 12:15:00+05:30,5851.5,5860.5,100,Symmetrical Triangle,-271.20000000006985,-0.04630078969993005,target
KOTAKBANK-EQ,2025-12-12 12:30:00+05:30,2025-12-12 12:30:00+05:30,2180.1,2180.1,100,Descending Triangle,-436.0200000000186,-0.19980019980020836,stop_loss
LT-EQ,2025-12-12 12:30:00+05:30,2025-12-12 12:30:00+05:30,4075.3,4075.3,100,Rising Wedge,-815.0600000000559,-0.19980019980021352,stop_loss
NESTLEIND-EQ,2025-12-12 09:30:00+05:30,2025-12-12 12:30:00+05:30,1223.5,1235.6,100,Double Bottom,964.089999999982,0.787189924909567,target
TATAMOTORS-EQ,2025-12-12 12:30:00+05:30,2025-12-12 12:30:00+05:30,345.25,345.25,100,Symmetrical Triangle,-69.05000000000291,-0.19980019980020822,stop_loss
JSWSTEEL-EQ,2025-12-12 12:30:00+05:30,2025-12-12 12:30:00+05:30,1123.9,1123.9,100,Rising Wedge,-224.77999999999884,-0.19980019980019875,stop_loss
DIVISLAB-EQ,2025-12-12 12:30:00+05:30,2025-12-12 12:30:00+05:30,6430.0,6430.0,100,Symmetrical Triangle,-1286.0,-0.1998001998001998,stop_loss
ADANIENT-EQ,2025-12-12 12:30:00+05:30,2025-12-12 12:30:00+05:30,2282.4,2282.4,100,Rising Wedge,-456.4799999999814,-0.19980019980019165,stop_loss
UPL-EQ,2025-12-12 12:30:00+05:30,2025-12-12 12:30:00+05:30,742.05,742.05,100,Rising Wedge,-148.4100000000035,-0.19980019980020447,stop_loss
BRITANNIA-EQ,2025-12-12 12:30:00+05:30,2025-12-12 12:30:00+05:30,5872.5,5872.5,100,Symmetrical Triangle,-1174.5,-0.1998001998001998,target
KOTAKBANK-EQ,2025-12-12 12:45:00+05:30,2025-12-12 12:45:00+05:30,2180.0,2180.0,100,Descending Triangle,-436.0,-0.1998001998001998,stop_loss
LT-EQ,2025-12-12 12:45:00+05:30,2025-12-12 12:45:00+05:30,4079.9,4079.9,100,Rising Wedge,-815.9799999999814,-0.19980019980019526,stop_loss
BAJFINANCE-EQ,2025-12-12 12:45:00+05:30,2025-12-12 12:45:00+05:30,1017.0,1017.0,100,Rising Wedge,-203.39999999999418,-0.1998001998001941,stop_loss
M&M-EQ,2025-12-12 12:45:00+05:30,2025-12-12 12:45:00+05:30,3681.2,3681.2,100,Rising Wedge,-736.2399999999907,-0.19980019980019728,stop_loss
TATASTEEL-EQ,2025-12-12 12:45:00+05:30,2025-12-12 12:45:00+05:30,171.25,171.25,100,Rising Wedge,-34.25,-0.1998001998001998,stop_loss
JSWSTEEL-EQ,2025-12-12 12:45:00+05:30,2025-12-12 12:45:00+05:30,1125.3,1125.3,100,Rising Wedge,-225.05999999999767,-0.19980019980019773,stop_loss
DIVISLAB-EQ,2025-12-12 12:45:00+05:30,2025-12-12 12:45:00+05:30,6429.0,6429.0,100,Symmetrical Triangle,-1285.8000000000466,-0.19980019980020705,stop_loss
APOLLOHOSP-EQ,2025-12-12 12:45:00+05:30,2025-12-12 12:45:00+05:30,7080.5,7080.5,100,Rising Wedge,-1416.1000000000931,-0.19980019980021294,stop_loss
ADANIENT-EQ,2025-12-12 12:45:00+05:30,2025-12-12 12:45:00+05:30,2281.9,2281.9,100,Rising Wedge,-456.38000000000466,-0.19980019980020183,stop_loss
HDFCBANK-EQ,2025-12-12 13:00:00+05:30,2025-12-12 13:00:00+05:30,1000.8,1000.8,100,Rising Wedge,-200.1600000000035,-0.19980019980020328,stop_loss
WIPRO-EQ,2025-12-12 13:00:00+05:30,2025-12-12 13:00:00+05:30,260.04,260.04,100,Symmetrical Triangle,-52.00800000000163,-0.19980019980020605,target
TATASTEEL-EQ,2025-12-12 13:00:00+05:30,2025-12-12 13:00:00+05:30,171.41,171.41,100,Rising Wedge,-34.28199999999924,-0.19980019980019537,stop_loss
BRITANNIA-EQ,2025-12-12 12:45:00+05:30,2025-12-12 13:00:00+05:30,5870.0,5875.0,100,Symmetrical Triangle,-674.5,-0.1147915117250722,target
MARUTI-EQ,2025-12-12 13:15:00+05:30,2025-12-12 13:15:00+05:30,16498.0,16498.0,1,Rising Wedge,-32.995999999999185,-0.19980019980019487,stop_loss
TATASTEEL-EQ,2025-12-12 13:15:00+05:30,2025-12-12 13:15:00+05:30,171.54,171.54,100,Rising Wedge,-34.307999999997264,-0.19980019980018388,stop_loss
TATASTEEL-EQ,2025-12-12 13:30:00+05:30,2025-12-12 13:30:00+05:30,171.55,171.55,100,Rising Wedge,-34.30999999999767,-0.19980019980018626,stop_loss
TATAMOTORS-EQ,2025-12-12 12:45:00+05:30,2025-12-12 13:45:00+05:30,346.45,348.0,100,Falling Wedge,85.55500000000029,0.2467009105773727,target
TATASTEEL-EQ,2025-12-12 13:45:00+05:30,2025-12-12 13:45:00+05:30,171.47,171.47,100,Rising Wedge,-34.29400000000169,-0.19980019980020963,stop_loss
TATASTEEL-EQ,2025-12-12 14:00:00+05:30,2025-12-12 14:00:00+05:30,171.71,171.71,100,Rising Wedge,-34.341999999996915,-0.19980019980018188,stop_loss
TATASTEEL-EQ,2025-12-12 14:15:00+05:30,2025-12-12 14:15:00+05:30,171.77,171.77,100,Rising Wedge,-34.35399999999936,-0.19980019980019606,stop_loss
BPCL-EQ,2025-12-12 14:15:00+05:30,2025-12-12 14:15:00+05:30,363.0,363.0,54,Rising Wedge,-39.203999999997905,-0.19980019980018912,stop_loss
LT-EQ,2025-12-12 14:30:00+05:30,2025-12-12 14:30:00+05:30,4079.9,4079.9,4,Rising Wedge,-32.63920000000144,-0.1998001998002086,stop_loss
TATASTEEL-EQ,2025-12-12 14:30:00+05:30,2025-12-12 14:30:00+05:30,171.68,171.68,100,Rising Wedge,-34.33600000000297,-0.19980019980021707,stop_loss
JSWSTEEL-EQ,2025-12-12 14:30:00+05:30,2025-12-12 14:30:00+05:30,1122.0,1122.0,12,Rising Wedge,-26.927999999999884,-0.19980019980019892,stop_loss
ITC-EQ,2025-12-12 14:00:00+05:30,2025-12-12 14:45:00+05:30,400.55,400.15,100,Falling Wedge,-120.06999999999971,-0.29946336275134106,stop_loss
LT-EQ,2025-12-12 14:45:00+05:30,2025-12-12 14:45:00+05:30,4076.7,4076.7,12,Rising Wedge,-97.8408000000054,-0.19980019980021085,stop_loss
NTPC-EQ,2025-12-12 14:45:00+05:30,2025-12-12 14:45:00+05:30,325.05,325.05,100,Symmetrical Triangle,-65.01000000000204,-0.19980019980020605,target
POWERGRID-EQ,2025-12-12 14:45:00+05:30,2025-12-12 14:45:00+05:30,263.5,263.5,100,Falling Wedge,-52.69999999999709,-0.1998001998001888,target
TATASTEEL-EQ,2025-12-12 14:45:00+05:30,2025-12-12 14:45:00+05:30,171.86,171.86,100,Rising Wedge,-34.37200000000303,-0.19980019980021738,stop_loss
JSWSTEEL-EQ,2025-12-12 14:45:00+05:30,2025-12-12 14:45:00+05:30,1122.9,1122.9,37,Rising Wedge,-83.09459999999672,-0.1998001998001919,stop_loss
HINDALCO-EQ,2025-12-12 14:45:00+05:30,2025-12-12 14:45:00+05:30,851.95,851.95,65,Rising Wedge,-110.75350000000617,-0.1998001998002109,stop_loss
BPCL-EQ,2025-12-12 14:45:00+05:30,2025-12-12 14:45:00+05:30,362.9,362.9,100,Rising Wedge,-72.58000000000175,-0.1998001998002046,stop_loss
INFY-EQ,2025-12-12 13:00:00+05:30,2025-12-12 15:00:00+05:30,1594.3,1598.4,100,Falling Wedge,90.73000000001048,0.0568521361345864,target
ITC-EQ,2025-12-12 15:00:00+05:30,2025-12-12 15:00:00+05:30,400.55,400.55,100,Falling Wedge,-80.11000000000058,-0.19980019980020122,target
SBIN-EQ,2025-12-12 15:00:00+05:30,2025-12-12 15:00:00+05:30,963.7,963.7,100,Symmetrical Triangle,-192.7399999999907,-0.19980019980019018,target
BHARTIARTL-EQ,2025-12-12 15:00:00+05:30,2025-12-12 15:00:00+05:30,2083.1,2083.1,100,Rising Wedge,-416.61999999999534,-0.1998001998001976,stop_loss
LT-EQ,2025-12-12 15:00:00+05:30,2025-12-12 15:00:00+05:30,4076.9,4076.9,43,Rising Wedge,-350.6133999999729,-0.19980019980018437,stop_loss
AXISBANK-EQ,2025-12-12 15:00:00+05:30,2025-12-12 15:00:00+05:30,1286.9,1286.9,100,Rising Wedge,-257.38000000000466,-0.1998001998002034,stop_loss
TATASTEEL-EQ,2025-12-12 15:00:00+05:30,2025-12-12 15:00:00+05:30,171.85,171.85,100,Rising Wedge,-34.37000000000262,-0.19980019980021502,stop_loss
HINDALCO-EQ,2025-12-12 15:00:00+05:30,2025-12-12 15:00:00+05:30,852.9,852.9,22,Rising Wedge,-37.52760000000126,-0.19980019980020647,stop_loss
TATASTEEL-EQ,2025-12-12 15:15:00+05:30,2025-12-12 15:15:00+05:30,172.0,172.0,100,Rising Wedge,-34.400000000001455,-0.19980019980020824,stop_loss
TCS-EQ,2025-12-13 11:00:00+05:30,2025-12-13 11:00:00+05:30,2898.5,2898.5,1,Rising Wedge,-5.796999999999571,-0.199800199800185,stop_loss
HINDUNILVR-EQ,2025-12-13 11:00:00+05:30,2025-12-13 11:00:00+05:30,2265.6,2265.6,9,Falling Wedge,-40.780800000000454,-0.19980019980020206,target
SBIN-EQ,2025-12-13 11:00:00+05:30,2025-12-13 11:00:00+05:30,867.0,867.0,2,Symmetrical Triangle,-3.467999999999847,-0.199800199800191,stop_loss
KOTAKBANK-EQ,2025-12-13 11:00:00+05:30,2025-12-13 11:00:00+05:30,1959.0,1959.0,1,Descending Triangle,-3.91800000000012,-0.1998001998002059,stop_loss
NTPC-EQ,2025-12-13 11:00:00+05:30,2025-12-13 11:00:00+05:30,330.05,330.05,41,Symmetrical Triangle,-27.0640999999996,-0.1998001998001968,target
POWERGRID-EQ,2025-12-13 11:00:00+05:30,2025-12-13 11:00:00+05:30,268.6,268.6,36,Falling Wedge,-19.339199999998527,-0.19980019980018457,target
COALINDIA-EQ,2025-12-13 11:00:00+05:30,2025-12-13 11:00:00+05:30,388.35,388.35,5,Falling Wedge,-3.8834999999999127,-0.19980019980019534,target
ADANIENT-EQ,2025-12-13 11:00:00+05:30,2025-12-13 11:00:00+05:30,2305.2,2305.2,1,Symmetrical Triangle,-4.610399999999572,-0.1998001998001813,target
UPL-EQ,2025-12-13 11:00:00+05:30,2025-12-13 11:00:00+05:30,753.35,753.35,3,Falling Wedge,-4.520099999999729,-0.19980019980018782,target
ASIANPAINT-EQ,2025-12-12 15:00:00+05:30,2025-12-13 11:15:00+05:30,2765.0,2769.8,71,Falling Wedge,-52.170799999992596,-0.026548496711241588,target
BAJFINANCE-EQ,2025-12-13 11:15:00+05:30,2025-12-13 11:15:00+05:30,1033.9,1033.9,96,Falling Wedge,-198.50880000001052,-0.19980019980021038,target
WIPRO-EQ,2025-12-13 11:15:00+05:30,2025-12-13 11:15:00+05:30,248.7,248.7,23,Rising Wedge,-11.440199999999095,-0.19980019980018401,stop_loss
SUNPHARMA-EQ,2025-12-13 11:15:00+05:30,2025-12-13 11:15:00+05:30,1972.8,1972.8,1,Falling Wedge,-3.945600000000013,-0.19980019980020045,target
ONGC-EQ,2025-12-12 12:15:00+05:30,2025-12-13 11:15:00+05:30,237.7,240.39,100,Falling Wedge,221.1909999999989,0.9296172905764781,target
NTPC-EQ,2025-12-13 11:15:00+05:30,2025-12-13 11:15:00+05:30,330.05,330.05,99,Symmetrical Triangle,-65.34990000000107,-0.19980019980020305,target
TATASTEEL-EQ,2025-12-13 11:00:00+05:30,2025-12-13 11:15:00+05:30,173.6,185.4,100,Rising Wedge,1144.0999999999985,6.58385393408434,target
COALINDIA-EQ,2025-12-13 11:15:00+05:30,2025-12-13 11:15:00+05:30,397.0,397.0,48,Falling Wedge,-38.11200000000099,-0.199800199800205,target
HINDALCO-EQ,2025-12-13 11:15:00+05:30,2025-12-13 11:15:00+05:30,807.8,807.8,14,Rising Wedge,-22.618399999999383,-0.19980019980019437,stop_loss
DRREDDY-EQ,2025-12-13 11:15:00+05:30,2025-12-13 11:15:00+05:30,1250.0,1250.0,22,Rising Wedge,-55.0,-0.1998001998001998,stop_loss
TECHM-EQ,2025-12-13 11:15:00+05:30,2025-12-13 11:15:00+05:30,1639.9,1639.9,10,Double Bottom,-32.798000000000684,-0.19980019980020397,target
EICHERMOT-EQ,2025-12-13 11:15:00+05:30,2025-12-13 11:15:00+05:30,7012.5,7012.5,2,Double Top,-28.049999999999272,-0.19980019980019464,stop_loss
HEROMOTOCO-EQ,2025-12-13 11:15:00+05:30,2025-12-13 11:15:00+05:30,6150.0,6150.0,3,Falling Wedge,-36.900000000001455,-0.1998001998002077,target
ADANIENT-EQ,2025-12-13 11:15:00+05:30,2025-12-13 11:15:00+05:30,2191.0,2191.0,7,Symmetrical Triangle,-30.67399999999907,-0.19980019980019373,stop_loss
UPL-EQ,2025-12-13 11:15:00+05:30,2025-12-13 11:15:00+05:30,761.0,761.0,36,Falling Wedge,-54.79200000000128,-0.19980019980020447,target
BAJAJ-AUTO-EQ,2025-12-13 11:15:00+05:30,2025-12-13 11:15:00+05:30,8780.0,8780.0,3,Descending Triangle,-52.68000000000029,-0.1998001998002009,stop_loss
LTIM-EQ,2025-12-12 13:00:00+05:30,2025-12-13 11:15:00+05:30,6288.0,6379.0,100,Falling Wedge,7833.29999999993,1.2445093074863955,target
HDFCBANK-EQ,2025-12-13 11:30:00+05:30,2025-12-13 11:30:00+05:30,903.8,903.8,73,Symmetrical Triangle,-131.9548000000068,-0.19980019980021013,stop_loss
BHARTIARTL-EQ,2025-12-13 11:30:00+05:30,2025-12-13 11:30:00+05:30,1880.0,1880.0,33,Rising Wedge,-124.08000000000175,-0.1998001998002026,stop_loss
LT-EQ,2025-12-13 11:30:00+05:30,2025-12-13 11:30:00+05:30,3900.0,3900.0,40,Symmetrical Triangle,-312.0,-0.1998001998001998,stop_loss
ASIANPAINT-EQ,2025-12-13 11:30:00+05:30,2025-12-13 11:30:00+05:30,2769.8,2769.8,100,Falling Wedge,-553.9599999999627,-0.19980019980018635,target
HCLTECH-EQ,2025-12-13 11:15:00+05:30,2025-12-13 11:30:00+05:30,1673.0,1622.9,100,Symmetrical Triangle,-5339.5899999999965,-3.1884373844923735,stop_loss
TITAN-EQ,2025-12-13 11:30:00+05:30,2025-12-13 11:30:00+05:30,3880.0,3880.0,100,Rising Wedge,-776.0,-0.1998001998001998,stop_loss
NESTLEIND-EQ,2025-12-13 11:30:00+05:30,2025-12-13 11:30:00+05:30,1225.0,1225.0,100,Rising Wedge,-245.0,-0.1998001998001998,stop_loss
SUNPHARMA-EQ,2025-12-13 11:30:00+05:30,2025-12-13 11:30:00+05:30,1972.8,1972.8,47,Falling Wedge,-185.4432000000088,-0.1998001998002093,target
NTPC-EQ,2025-12-13 11:30:00+05:30,2025-12-13 11:30:00+05:30,330.05,330.05,100,Symmetrical Triangle,-66.00999999999476,-0.19980019980018396,target
M&M-EQ,2025-12-13 11:30:00+05:30,2025-12-13 11:30:00+05:30,3555.0,3555.0,66,Symmetrical Triangle,-469.2600000000093,-0.19980019980020375,stop_loss
ADANIPORTS-EQ,2025-12-13 11:30:00+05:30,2025-12-13 11:30:00+05:30,1506.5,1506.5,100,Rising Wedge,-301.29999999998836,-0.1998001998001921,stop_loss
HINDALCO-EQ,2025-12-13 11:30:00+05:30,2025-12-13 11:30:00+05:30,807.8,807.8,100,Rising Wedge,-161.55999999999767,-0.19980019980019695,stop_loss
INDUSINDBK-EQ,2025-12-12 09:30:00+05:30,2025-12-13 11:30:00+05:30,848.85,865.0,100,Double Bottom,1443.6150000000052,1.6989725242066707,target
TECHM-EQ,2025-12-13 11:30:00+05:30,2025-12-13 11:30:00+05:30,1639.9,1639.9,100,Double Bottom,-327.9799999999814,-0.19980019980018848,target
HEROMOTOCO-EQ,2025-12-13 11:30:00+05:30,2025-12-13 11:30:00+05:30,6150.0,6150.0,49,Falling Wedge,-602.6999999999534,-0.19980019980018437,target
ADANIENT-EQ,2025-12-13 11:30:00+05:30,2025-12-13 11:30:00+05:30,2508.0,2508.0,41,Symmetrical Triangle,-205.65599999998813,-0.19980019980018826,target
UPL-EQ,2025-12-13 11:30:00+05:30,2025-12-13 11:30:00+05:30,774.95,774.95,100,Falling Wedge,-154.9899999999907,-0.1998001998001878,target
BAJAJ-AUTO-EQ,2025-12-13 11:30:00+05:30,2025-12-13 11:30:00+05:30,8780.0,8780.0,43,Descending Triangle,-755.0799999999581,-0.19980019980018873,stop_loss
HDFCBANK-EQ,2025-12-13 11:45:00+05:30,2025-12-13 11:45:00+05:30,1110.0,1110.0,86,Symmetrical Triangle,-190.9200000000128,-0.1998001998002132,target
ASIANPAINT-EQ,2025-12-13 11:45:00+05:30,2025-12-13 11:45:00+05:30,2769.8,2769.8,100,Symmetrical Triangle,-553.9599999999627,-0.19980019980018635,target
TITAN-EQ,2025-12-13 11:45:00+05:30,2025-12-13 11:45:00+05:30,3880.0,3880.0,100,Rising Wedge,-776.0,-0.1998001998001998,stop_loss
NESTLEIND-EQ,2025-12-13 11:45:00+05:30,2025-12-13 11:45:00+05:30,1220.0,1220.0,100,Rising Wedge,-244.0,-0.1998001998001998,stop_loss
SUNPHARMA-EQ,2025-12-13 11:45:00+05:30,2025-12-13 11:45:00+05:30,1972.8,1972.8,43,Falling Wedge,-169.6608000000124,-0.19980019980021438,target
NTPC-EQ,2025-12-13 11:45:00+05:30,2025-12-13 11:45:00+05:30,330.05,330.05,100,Symmetrical Triangle,-66.00999999999476,-0.19980019980018396,target
HINDALCO-EQ,2025-12-13 11:45:00+05:30,2025-12-13 11:45:00+05:30,807.8,807.8,100,Rising Wedge,-161.55999999999767,-0.19980019980019695,stop_loss
INDUSINDBK-EQ,2025-12-13 11:45:00+05:30,2025-12-13 11:45:00+05:30,881.0,881.0,100,Symmetrical Triangle,-176.20000000001164,-0.199800199800213,target
CIPLA-EQ,2025-12-13 11:45:00+05:30,2025-12-13 11:45:00+05:30,1517.0,1517.0,100,Rising Wedge,-303.4000000000233,-0.1998001998002151,stop_loss
HEROMOTOCO-EQ,2025-12-13 11:45:00+05:30,2025-12-13 11:45:00+05:30,6150.0,6150.0,40,Falling Wedge,-492.0,-0.1998001998001998,target
UPL-EQ,2025-12-13 11:45:00+05:30,2025-12-13 11:45:00+05:30,774.95,774.95,100,Falling Wedge,-154.9899999999907,-0.1998001998001878,target
BRITANNIA-EQ,2025-12-13 11:45:00+05:30,2025-12-13 11:45:00+05:30,5916.0,5916.0,100,Rising Wedge,-1183.1999999999534,-0.19980019980019195,stop_loss
BAJAJ-AUTO-EQ,2025-12-13 11:45:00+05:30,2025-12-13 11:45:00+05:30,8780.0,8780.0,35,Descending Triangle,-614.5999999999767,-0.19980019980019226,stop_loss
HDFCBANK-EQ,2025-12-13 12:00:00+05:30,2025-12-13 12:00:00+05:30,1085.0,1085.0,92,Symmetrical Triangle,-199.64000000001397,-0.19980019980021377,target
TITAN-EQ,2025-12-13 12:00:00+05:30,2025-12-13 12:00:00+05:30,3880.0,3880.0,100,Rising Wedge,-776.0,-0.1998001998001998,stop_loss
NESTLEIND-EQ,2025-12-13 12:00:00+05:30,2025-12-13 12:00:00+05:30,1206.0,1206.0,100,Rising Wedge,-241.20000000001164,-0.19980019980020944,stop_loss
SUNPHARMA-EQ,2025-12-13 12:00:00+05:30,2025-12-13 12:00:00+05:30,1972.8,1972.8,42,Falling Wedge,-165.715200000006,-0.19980019980020705,target
M&M-EQ,2025-12-13 12:00:00+05:30,2025-12-13 12:00:00+05:30,3753.9,3753.9,97,Falling Wedge,-728.2565999999642,-0.19980019980019,target
INDUSINDBK-EQ,2025-12-13 12:00:00+05:30,2025-12-13 12:00:00+05:30,846.0,846.0,100,Symmetrical Triangle,-169.20000000001164,-0.19980019980021355,stop_loss
UPL-EQ,2025-12-13 12:00:00+05:30,2025-12-13 12:00:00+05:30,774.95,774.95,100,Falling Wedge,-154.9899999999907,-0.1998001998001878,target
BRITANNIA-EQ,2025-12-13 12:00:00+05:30,2025-12-13 12:00:00+05:30,5916.0,5916.0,100,Rising Wedge,-1183.1999999999534,-0.19980019980019195,stop_loss
HDFCLIFE-EQ,2025-12-13 11:00:00+05:30,2025-12-13 12:00:00+05:30,778.0,741.0,4,Symmetrical Triangle,-154.07600000000002,-4.946082195439523,stop_loss
HDFCBANK-EQ,2025-12-13 12:15:00+05:30,2025-12-13 12:15:00+05:30,951.5,951.5,100,Symmetrical Triangle,-190.29999999998836,-0.19980019980018757,stop_loss
HCLTECH-EQ,2025-12-13 11:45:00+05:30,2025-12-13 12:15:00+05:30,1673.0,1689.9,100,Symmetrical Triangle,1353.710000000021,0.8083428824612453,target
SUNPHARMA-EQ,2025-12-13 12:15:00+05:30,2025-12-13 12:15:00+05:30,1972.8,1972.8,52,Falling Wedge,-205.1712000000116,-0.19980019980021108,target
M&M-EQ,2025-12-13 12:15:00+05:30,2025-12-13 12:15:00+05:30,3773.0,3773.0,95,Symmetrical Triangle,-716.8699999999953,-0.1998001998001985,target
BRITANNIA-EQ,2025-12-13 12:15:00+05:30,2025-12-13 12:15:00+05:30,5850.5,5850.5,100,Rising Wedge,-1170.1000000000931,-0.19980019980021568,stop_loss
SUNPHARMA-EQ,2025-12-13 12:30:00+05:30,2025-12-13 12:30:00+05:30,1972.8,1972.8,52,Falling Wedge,-205.1712000000116,-0.19980019980021108,target
BRITANNIA-EQ,2025-12-13 12:30:00+05:30,2025-12-13 12:30:00+05:30,5850.5,5850.5,100,Rising Wedge,-1170.1000000000931,-0.19980019980021568,stop_loss
SUNPHARMA-EQ,2025-12-13 12:45:00+05:30,2025-12-13 12:45:00+05:30,1972.8,1972.8,52,Falling Wedge,-205.1712000000116,-0.19980019980021108,target
HEROMOTOCO-EQ,2025-12-13 12:45:00+05:30,2025-12-13 12:45:00+05:30,5970.5,5970.5,71,Rising Wedge,-847.810999999987,-0.19980019980019673,stop_loss
BRITANNIA-EQ,2025-12-13 12:45:00+05:30,2025-12-13 12:45:00+05:30,5850.5,5850.5,100,Rising Wedge,-1170.1000000000931,-0.19980019980021568,stop_loss
SUNPHARMA-EQ,2025-12-13 13:00:00+05:30,2025-12-13 13:00:00+05:30,1972.8,1972.8,52,Falling Wedge,-205.1712000000116,-0.19980019980021108,target
BRITANNIA-EQ,2025-12-13 13:00:00+05:30,2025-12-13 13:00:00+05:30,5850.5,5850.5,100,Rising Wedge,-1170.1000000000931,-0.19980019980021568,stop_loss
BRITANNIA-EQ,2025-12-13 13:15:00+05:30,2025-12-13 13:15:00+05:30,5850.5,5850.5,100,Rising Wedge,-1170.1000000000931,-0.19980019980021568,stop_loss
BRITANNIA-EQ,2025-12-13 13:30:00+05:30,2025-12-13 13:30:00+05:30,5850.5,5850.5,100,Rising Wedge,-1170.1000000000931,-0.19980019980021568,stop_loss
BRITANNIA-EQ,2025-12-13 14:15:00+05:30,2025-12-13 14:15:00+05:30,5916.0,5916.0,100,Rising Wedge,-1183.1999999999534,-0.19980019980019195,stop_loss
BRITANNIA-EQ,2025-12-13 14:30:00+05:30,2025-12-13 14:30:00+05:30,5920.5,5920.5,100,Rising Wedge,-1184.1000000000931,-0.1998001998002155,stop_loss
BRITANNIA-EQ,2025-12-13 14:45:00+05:30,2025-12-13 14:45:00+05:30,5920.5,5920.5,100,Rising Wedge,-1184.1000000000931,-0.1998001998002155,stop_loss
BRITANNIA-EQ,2025-12-13 15:00:00+05:30,2025-12-13 15:00:00+05:30,5920.5,5920.5,100,Rising Wedge,-1184.1000000000931,-0.1998001998002155,stop_loss
BRITANNIA-EQ,2025-12-13 15:15:00+05:30,2025-12-13 15:15:00+05:30,5920.5,5920.5,100,Rising Wedge,-1184.1000000000931,-0.1998001998002155,stop_loss
